Population,Row,Cross,PlantNo,,,,,
Oil Mapping Pop 202,CB-318,MX16-6,318,,,,,
Oil Mapping Pop 202,CB-320,MX16-6,320,,,,,
Oil Mapping Pop 202,CB-327,MX16-6,327,,,,,
Oil Mapping Pop 202,CB-328,MX16-6,328,,,,,
Oil Mapping Pop 202,CB-330,MX16-6,330,,,,,
Oil Mapping Pop 202,CB-341,MX16-6,341,,,,,
Oil Mapping Pop 202,CB-344,MX16-6,344,,,,,
Oil Mapping Pop 202,CB-346,MX16-6,346,,,,,
Oil Mapping Pop 202,CB-351,MX16-6,351,,,,,
Oil Mapping Pop 202,CB-371,MX16-6,371,,,,,
Oil Mapping Pop 202,CB-372,MX16-6,372,,,,,
Oil Mapping Pop 202,CB-373,MX16-6,373,,,,,
Oil Mapping Pop 202,CB-383,MX16-6,383,,,,,
Oil Mapping Pop 202,CB-387,MX16-6,387,,,,,
Oil Mapping Pop 202,CB-388,MX16-6,388,,,,,
Oil Mapping Pop 202,CB-389,MX16-6,389,,,,,
Oil Mapping Pop 202,CB-390,MX16-6,390,,,,,
Oil Mapping Pop 202,CB-397,MX16-6,397,,,,,
Oil Mapping Pop 202,CB-398,MX16-6,398,,,,,
Oil Mapping Pop 202,CB-399,MX16-6,399,,,,,
Oil Mapping Pop 202,CB-406,MX16-6,406,,,,,
Oil Mapping Pop 202,CB-421,MX16-6,421,,,,,
Oil Mapping Pop 202,CB-422,MX16-6,422,,,,,
Oil Mapping Pop 202,CB-423,MX16-6,423,,,,,
Oil Mapping Pop 202,CB-425,MX16-6,425,,,,,
Oil Mapping Pop 202,CB-429,MX16-6,429,,,,,
Oil Mapping Pop 202,CB-430,MX16-6,430,,,,,
Oil Mapping Pop 202,CB-433,MX16-6,433,,,,,
Oil Mapping Pop 202,CB-436,MX16-6,436,,,,,
Oil Mapping Pop 202,CB-440,MX16-6,440,,,,,
Oil Mapping Pop 202,CB-443,MX16-6,443,,,,,
Oil Mapping Pop 202,CB-446,MX16-6,446,,,,,
Oil Mapping Pop 202,CB-448,MX16-6,448,,,,,
Oil Mapping Pop 202,CB-472,MX16-6,472,,,,,
Oil Mapping Pop 202,CB-482,MX16-6,482,,,,,
Oil Mapping Pop 202,CB-491,MX16-6,491,,,,,
Oil Mapping Pop 202,CB-505,MX16-6,505,,,,,
Oil Mapping Pop 202,CB-511,MX16-6,511,,,,,
Oil Mapping Pop 202,CB-512,MX16-6,512,,,,,
Oil Mapping Pop 202,CB-521,MX16-6,521,,,,,
Oil Mapping Pop 202,CB-523,MX16-6,523,,,,,
Oil Mapping Pop 202,CB-530,MX16-6,530,,,,,
Oil Mapping Pop 202,CB-534,MX16-6,534,,,,,
Oil Mapping Pop 202,CB-536,MX16-6,536,,,,,
Oil Mapping Pop 202,CB-541,MX16-6,541,,,,,
Oil Mapping Pop 202,CB-555,MX16-6,555,,,,,
Oil Mapping Pop 202,CB-559,MX16-6,559,,,,,
Oil Mapping Pop 202,CB-560,MX16-6,560,,,,,
Oil Mapping Pop 201,LMN09-119,LMN09-119,LMN09-119,,,,,
Oil Mapping Pop 201,N09-09,N09-09,N09-09,,,,,
Oil Mapping Pop 201,N18-1558,MX15-1,1,,,,,
Oil Mapping Pop 201,N18-1559,MX15-1,2,,,,,
Oil Mapping Pop 201,N18-1560,MX15-1,3,,,,,
Oil Mapping Pop 201,N18-1561,MX15-1,4,,,,,
Oil Mapping Pop 201,N18-1562,MX15-1,5,,,,,
Oil Mapping Pop 201,N18-1563,MX15-1,6,,,,,
Oil Mapping Pop 201,N18-1564,MX15-1,7,,,,,
Oil Mapping Pop 201,N18-1565,MX15-1,8,,,,,
Oil Mapping Pop 201,N18-1566,MX15-1,9,,,,,
Oil Mapping Pop 201,N18-1567,MX15-1,11,,,,,
Oil Mapping Pop 201,N18-1568,MX15-1,12,,,,,
Oil Mapping Pop 201,N18-1569,MX15-1,13,,,,,
Oil Mapping Pop 201,N18-1570,MX15-1,15,,,,,
Oil Mapping Pop 201,N18-1571,MX15-1,16,,,,,
Oil Mapping Pop 201,N18-1572,MX15-1,17,,,,,
Oil Mapping Pop 201,N18-1573,MX15-1,18,,,,,
Oil Mapping Pop 201,N18-1574,MX15-1,19,,,,,
Oil Mapping Pop 201,N18-1575,MX15-1,20,,,,,
Oil Mapping Pop 201,N18-1576,MX15-1,21,,,,,
Oil Mapping Pop 201,N18-1577,MX15-1,22,,,,,
Oil Mapping Pop 201,N18-1578,MX15-1,23,,,,,
Oil Mapping Pop 201,N18-1579,MX15-1,25,,,,,
Oil Mapping Pop 201,N18-1580,MX15-1,26,,,,,
Oil Mapping Pop 201,N18-1581,MX15-1,27,,,,,
Oil Mapping Pop 201,N18-1582,MX15-1,28,,,,,
Oil Mapping Pop 201,N18-1583,MX15-1,29,,,,,
Oil Mapping Pop 201,N18-1584,MX15-1,30,,,,,
Oil Mapping Pop 201,N18-1585,MX15-1,31,,,,,
Oil Mapping Pop 201,N18-1586,MX15-1,32,,,,,
Oil Mapping Pop 201,N18-1587,MX15-1,34,,,,,
Oil Mapping Pop 201,N18-1588,MX15-1,35,,,,,
Oil Mapping Pop 201,N18-1589,MX15-1,36,,,,,
Oil Mapping Pop 201,N18-1590,MX15-1,37,,,,,
Oil Mapping Pop 201,N18-1591,MX15-1,38,,,,,
Oil Mapping Pop 201,N18-1592,MX15-1,39,,,,,
Oil Mapping Pop 201,N18-1593,MX15-1,40,,,,,
Oil Mapping Pop 201,N18-1594,MX15-1,41,,,,,
Oil Mapping Pop 201,N18-1595,MX15-1,42,,,,,
Oil Mapping Pop 201,N18-1596,MX15-1,43,,,,,
Oil Mapping Pop 201,N18-1597,MX15-1,44,,,,,
Oil Mapping Pop 201,N18-1598,MX15-1,45,,,,,
Oil Mapping Pop 201,N18-1599,MX15-1,46,,,,,
Oil Mapping Pop 201,N18-1600,MX15-1,47,,,,,
Oil Mapping Pop 201,N18-1601,MX15-1,48,,,,,
Oil Mapping Pop 201,N18-1602,MX15-1,49,,,,,
Oil Mapping Pop 201,N18-1603,MX15-1,50,,,,,
Oil Mapping Pop 201,N18-1604,MX15-1,52,,,,,
Oil Mapping Pop 201,N18-1605,MX15-1,53,,,,,
Oil Mapping Pop 201,N18-1606,MX15-1,54,,,,,
Oil Mapping Pop 201,N18-1607,MX15-1,55,,,,,
Oil Mapping Pop 201,N18-1608,MX15-1,56,,,,,
Oil Mapping Pop 201,N18-1609,MX15-1,57,,,,,
Oil Mapping Pop 201,N18-1610,MX15-1,58,,,,,
Oil Mapping Pop 201,N18-1611,MX15-1,60,,,,,
Oil Mapping Pop 201,N18-1612,MX15-1,61,,,,,
Oil Mapping Pop 201,N18-1613,MX15-1,62,,,,,
Oil Mapping Pop 201,N18-1614,MX15-1,63,,,,,
Oil Mapping Pop 201,N18-1615,MX15-1,64,,,,,
Oil Mapping Pop 201,N18-1616,MX15-1,65,,,,,
Oil Mapping Pop 201,N18-1617,MX15-1,66,,,,,
Oil Mapping Pop 201,N18-1618,MX15-1,67,,,,,
Oil Mapping Pop 201,N18-1619,MX15-1,68,,,,,
Oil Mapping Pop 201,N18-1620,MX15-1,69,,,,,
Oil Mapping Pop 201,N18-1621,MX15-1,70,,,,,
Oil Mapping Pop 201,N18-1622,MX15-1,71,,,,,
Oil Mapping Pop 201,N18-1623,MX15-1,72,,,,,
Oil Mapping Pop 201,N18-1624,MX15-1,73,,,,,
Oil Mapping Pop 201,N18-1625,MX15-1,74,,,,,
Oil Mapping Pop 201,N18-1626,MX15-1,75,,,,,
Oil Mapping Pop 201,N18-1627,MX15-1,76,,,,,
Oil Mapping Pop 201,N18-1628,MX15-1,77,,,,,
Oil Mapping Pop 201,N18-1629,MX15-1,78,,,,,
Oil Mapping Pop 201,N18-1630,MX15-1,80,,,,,
Oil Mapping Pop 201,N18-1631,MX15-1,81,,,,,
Oil Mapping Pop 201,N18-1632,MX15-1,82,,,,,
Oil Mapping Pop 201,N18-1633,MX15-1,83,,,,,
Oil Mapping Pop 201,N18-1634,MX15-1,84,,,,,
Oil Mapping Pop 201,N18-1635,MX15-1,85,,,,,
Oil Mapping Pop 201,N18-1636,MX15-1,86,,,,,
Oil Mapping Pop 201,N18-1637,MX15-1,87,,,,,
Oil Mapping Pop 201,N18-1638,MX15-1,88,,,,,
Oil Mapping Pop 201,N18-1639,MX15-1,89,,,,,
Oil Mapping Pop 201,N18-1640,MX15-1,90,,,,,
Oil Mapping Pop 201,N18-1641,MX15-1,91,,,,,
Oil Mapping Pop 201,N18-1642,MX15-1,92,,,,,
Oil Mapping Pop 201,N18-1643,MX15-1,93,,,,,
Oil Mapping Pop 201,N18-1644,MX15-1,94,,,,,
Oil Mapping Pop 201,N18-1645,MX15-1,95,,,,,
Oil Mapping Pop 201,N18-1646,MX15-1,96,,,,,
Oil Mapping Pop 201,N18-1647,MX15-1,97,,,,,
Oil Mapping Pop 201,N18-1648,MX15-1,98,,,,,
Oil Mapping Pop 201,N18-1649,MX15-1,99,,,,,
Oil Mapping Pop 201,N18-1650,MX15-1,100,,,,,
Oil Mapping Pop 201,N18-1651,MX15-1,102,,,,,
Oil Mapping Pop 201,N18-1652,MX15-1,103,,,,,
Oil Mapping Pop 201,N18-1653,MX15-1,105,,,,,
Oil Mapping Pop 201,N18-1654,MX15-1,106,,,,,
Oil Mapping Pop 201,N18-1655,MX15-1,107,,,,,
Oil Mapping Pop 201,N18-1656,MX15-1,109,,,,,
Oil Mapping Pop 201,N18-1657,MX15-1,110,,,,,
Oil Mapping Pop 201,N18-1658,MX15-1,111,,,,,
Oil Mapping Pop 201,N18-1659,MX15-1,112,,,,,
Oil Mapping Pop 201,N18-1660,MX15-1,113,,,,,
Oil Mapping Pop 201,N18-1661,MX15-1,114,,,,,
Oil Mapping Pop 201,N18-1662,MX15-1,115,,,,,
Oil Mapping Pop 201,N18-1663,MX15-1,116,,,,,
Oil Mapping Pop 201,N18-1664,MX15-1,117,,,,,
Oil Mapping Pop 201,N18-1665,MX15-1,118,,,,,
Oil Mapping Pop 201,N18-1666,MX15-1,119,,,,,
Oil Mapping Pop 201,N18-1667,MX15-1,120,,,,,
Oil Mapping Pop 201,N18-1668,MX15-1,124,,,,,
Oil Mapping Pop 201,N18-1669,MX15-1,125,,,,,
Oil Mapping Pop 201,N18-1670,MX15-1,126,,,,,
Oil Mapping Pop 201,N18-1671,MX15-1,127,,,,,
Oil Mapping Pop 201,N18-1672,MX15-1,128,,,,,
Oil Mapping Pop 201,N18-1673,MX15-1,129,,,,,
Oil Mapping Pop 201,N18-1674,MX15-1,130,,,,,
Oil Mapping Pop 201,N18-1675,MX15-1,131,,,,,
Oil Mapping Pop 201,N18-1676,MX15-1,133,,,,,
Oil Mapping Pop 201,N18-1677,MX15-1,135,,,,,
Oil Mapping Pop 201,N18-1678,MX15-1,137,,,,,
Oil Mapping Pop 201,N18-1679,MX15-1,138,,,,,
Oil Mapping Pop 201,N18-1680,MX15-1,139,,,,,
Oil Mapping Pop 201,N18-1681,MX15-1,140,,,,,
Oil Mapping Pop 201,N18-1682,MX15-1,141,,,,,
Oil Mapping Pop 201,N18-1683,MX15-1,142,,,,,
Oil Mapping Pop 201,N18-1684,MX15-1,143,,,,,
Oil Mapping Pop 201,N18-1685,MX15-1,144,,,,,
Oil Mapping Pop 201,N18-1686,MX15-1,145,,,,,
Oil Mapping Pop 201,N18-1687,MX15-1,146,,,,,
Oil Mapping Pop 201,N18-1688,MX15-1,147,,,,,
Oil Mapping Pop 201,N18-1689,MX15-1,148,,,,,
Oil Mapping Pop 201,N18-1690,MX15-1,149,,,,,
Oil Mapping Pop 201,N18-1691,MX15-1,150,,,,,
Oil Mapping Pop 201,N18-1692,MX15-1,151,,,,,
Oil Mapping Pop 201,N18-1693,MX15-1,153,,,,,
Oil Mapping Pop 201,N18-1694,MX15-1,154,,,,,
Oil Mapping Pop 201,N18-1695,MX15-1,155,,,,,
Oil Mapping Pop 201,N18-1696,MX15-1,156,,,,,
Oil Mapping Pop 201,N18-1697,MX15-1,157,,,,,
Oil Mapping Pop 201,N18-1698,MX15-1,158,,,,,
Oil Mapping Pop 201,N18-1699,MX15-1,159,,,,,
Oil Mapping Pop 201,N18-1700,MX15-1,160,,,,,
Oil Mapping Pop 201,N18-1701,MX15-1,161,,,,,
Oil Mapping Pop 201,N18-1702,MX15-1,162,,,,,
Oil Mapping Pop 201,N18-1703,MX15-1,163,,,,,
Oil Mapping Pop 201,N18-1704,MX15-1,164,,,,,
Oil Mapping Pop 201,N18-1705,MX15-1,165,,,,,
Oil Mapping Pop 201,N18-1706,MX15-1,166,,,,,
Oil Mapping Pop 201,N18-1707,MX15-1,167,,,,,
Oil Mapping Pop 201,N18-1708,MX15-1,169,,,,,
Oil Mapping Pop 201,N18-1709,MX15-1,170,,,,,
Oil Mapping Pop 201,N18-1710,MX15-1,171,,,,,
Oil Mapping Pop 201,N18-1711,MX15-1,172,,,,,
Oil Mapping Pop 201,N18-1712,MX15-1,174,,,,,
Oil Mapping Pop 201,N18-1713,MX15-1,175,,,,,
Oil Mapping Pop 201,N18-1714,MX15-1,176,,,,,
Oil Mapping Pop 201,N18-1715,MX15-1,177,,,,,
Oil Mapping Pop 201,N18-1716,MX15-1,178,,,,,
Oil Mapping Pop 201,N18-1717,MX15-1,180,,,,,
Oil Mapping Pop 201,N18-1718,MX15-1,181,,,,,
Oil Mapping Pop 201,N18-1719,MX15-1,182,,,,,
Oil Mapping Pop 201,N18-1720,MX15-1,183,,,,,
Oil Mapping Pop 201,N18-1721,MX15-1,184,,,,,
Oil Mapping Pop 201,N18-1722,MX15-1,185,,,,,
Oil Mapping Pop 201,N18-1723,MX15-1,186,,,,,
Oil Mapping Pop 201,N18-1724,MX15-1,187,,,,,
Oil Mapping Pop 201,N18-1725,MX15-1,188,,,,,
Oil Mapping Pop 201,N18-1726,MX15-1,189,,,,,
Oil Mapping Pop 201,N18-1727,MX15-1,190,,,,,
Oil Mapping Pop 201,N18-1728,MX15-1,191,,,,,
Oil Mapping Pop 201,N18-1729,MX15-1,192,,,,,
Oil Mapping Pop 201,N18-1730,MX15-1,193,,,,,
Oil Mapping Pop 201,N18-1731,MX15-1,194,,,,,
Oil Mapping Pop 201,N18-1732,MX15-1,195,,,,,
Oil Mapping Pop 201,N18-1733,MX15-1,196,,,,,
Oil Mapping Pop 201,N18-1734,MX15-1,197,,,,,
Oil Mapping Pop 201,N18-1735,MX15-1,198,,,,,
Oil Mapping Pop 201,N18-1736,MX15-1,199,,,,,
Oil Mapping Pop 201,N18-1737,MX15-1,200,,,,,
Oil Mapping Pop 201,N18-1738,MX15-1,201,,,,,
Oil Mapping Pop 201,N18-1739,MX15-1,202,,,,,
Oil Mapping Pop 201,N18-1740,MX15-1,203,,,,,
Oil Mapping Pop 201,N18-1741,MX15-1,204,,,,,
Oil Mapping Pop 201,N18-1742,MX15-1,206,,,,,
Oil Mapping Pop 201,N18-1743,MX15-1,207,,,,,
Oil Mapping Pop 201,N18-1744,MX15-1,208,,,,,
Oil Mapping Pop 201,N18-1745,MX15-1,209,,,,,
Oil Mapping Pop 201,N18-1746,MX15-1,210,,,,,
Oil Mapping Pop 201,N18-1747,MX15-1,211,,,,,
Oil Mapping Pop 201,N18-1748,MX15-1,212,,,,,
Oil Mapping Pop 201,N18-1749,MX15-1,213,,,,,
Oil Mapping Pop 201,N18-1750,MX15-1,215,,,,,
Oil Mapping Pop 201,N18-1751,MX15-1,216,,,,,
Oil Mapping Pop 201,N18-1752,MX15-1,217,,,,,
Oil Mapping Pop 201,N18-1753,MX15-1,218,,,,,
Oil Mapping Pop 201,N18-1754,MX15-1,219,,,,,
Oil Mapping Pop 201,N18-1755,MX15-1,220,,,,,
Oil Mapping Pop 201,N18-1756,MX15-1,221,,,,,
Oil Mapping Pop 201,N18-1757,MX15-1,222,,,,,
Oil Mapping Pop 201,N18-1758,MX15-1,224,,,,,
Oil Mapping Pop 201,N18-1759,MX15-1,225,,,,,
Oil Mapping Pop 201,N18-1760,MX15-1,226,,,,,
Oil Mapping Pop 201,N18-1761,MX15-1,227,,,,,
Oil Mapping Pop 201,N18-1762,MX15-1,228,,,,,
Oil Mapping Pop 201,N18-1763,MX15-1,229,,,,,
Oil Mapping Pop 201,N18-1764,MX15-1,230,,,,,
Oil Mapping Pop 201,N18-1765,MX15-1,231,,,,,
Oil Mapping Pop 201,N18-1766,MX15-1,232,,,,,
Oil Mapping Pop 201,N18-1767,MX15-1,233,,,,,
Oil Mapping Pop 201,N18-1768,MX15-1,234,,,,,
Oil Mapping Pop 201,N18-1769,MX15-1,235,,,,,
Oil Mapping Pop 201,N18-1770,MX15-1,236,,,,,
Oil Mapping Pop 201,N18-1771,MX15-1,237,,,,,
Oil Mapping Pop 201,N18-1772,MX15-1,238,,,,,
Oil Mapping Pop 201,N18-1773,MX15-1,239,,,,,
Oil Mapping Pop 201,N18-1774,MX15-1,240,,,,,
Oil Mapping Pop 201,N18-1775,MX15-1,241,,,,,
Oil Mapping Pop 201,N18-1776,MX15-1,242,,,,,
Oil Mapping Pop 201,N18-1777,MX15-1,243,,,,,
Oil Mapping Pop 201,N18-1778,MX15-1,244,,,,,
Oil Mapping Pop 201,N18-1779,MX15-1,245,,,,,
Oil Mapping Pop 201,N18-1780,MX15-1,246,,,,,
Oil Mapping Pop 201,N18-1781,MX15-1,247,,,,,
Oil Mapping Pop 201,N18-1782,MX15-1,250,,,,,
Oil Mapping Pop 201,N18-1783,MX15-1,252,,,,,
Oil Mapping Pop 201,N18-1784,MX15-1,253,,,,,
Oil Mapping Pop 201,N18-1785,MX15-1,254,,,,,
Oil Mapping Pop 201,N18-1786,MX15-1,255,,,,,
Oil Mapping Pop 201,N18-1787,MX15-1,256,,,,,
Oil Mapping Pop 201,N18-1788,MX15-1,257,,,,,
Oil Mapping Pop 201,N18-1789,MX15-1,258,,,,,
Oil Mapping Pop 201,N18-1790,MX15-1,259,,,,,
Oil Mapping Pop 201,N18-1791,MX15-1,260,,,,,
Oil Mapping Pop 201,N18-1792,MX15-1,261,,,,,
Oil Mapping Pop 201,N18-1793,MX15-1,262,,,,,
Oil Mapping Pop 201,N18-1794,MX15-1,264,,,,,
Oil Mapping Pop 201,N18-1795,MX15-1,265,,,,,
Oil Mapping Pop 201,N18-1796,MX15-1,268,,,,,
Oil Mapping Pop 201,N18-1797,MX15-1,269,,,,,
Oil Mapping Pop 201,N18-1798,MX15-1,270,,,,,
Oil Mapping Pop 201,N18-1799,MX15-1,271,,,,,
Oil Mapping Pop 201,N18-1800,MX15-1,272,,,,,
Oil Mapping Pop 201,N18-1801,MX15-1,273,,,,,
Oil Mapping Pop 201,N18-1802,MX15-1,274,,,,,
Oil Mapping Pop 201,N18-1803,MX15-1,275,,,,,
Oil Mapping Pop 201,N18-1804,MX15-1,276,,,,,
Oil Mapping Pop 201,N18-1805,MX15-1,277,,,,,
Oil Mapping Pop 201,N18-1806,MX15-1,278,,,,,
Oil Mapping Pop 201,N18-1807,MX15-1,279,,,,,
Oil Mapping Pop 201,N18-1808,MX15-1,281,,,,,
Oil Mapping Pop 201,N18-1809,MX15-1,282,,,,,
Oil Mapping Pop 201,N18-1810,MX15-1,283,,,,,
Oil Mapping Pop 201,N18-1811,MX15-1,284,,,,,
Oil Mapping Pop 201,N18-1812,MX15-1,285,,,,,
Oil Mapping Pop 201,N18-1813,MX15-1,287,,,,,
Oil Mapping Pop 201,N18-1814,MX15-1,288,,,,,
Oil Mapping Pop 201,N18-1815,MX15-1,289,,,,,
Oil Mapping Pop 201,N18-1816,MX15-1,290,,,,,
Oil Mapping Pop 201,N18-1817,MX15-1,293,,,,,
Oil Mapping Pop 201,N18-1818,MX15-1,294,,,,,
Oil Mapping Pop 201,N18-1819,MX15-1,295,,,,,
Oil Mapping Pop 201,N18-1820,MX15-1,296,,,,,
Oil Mapping Pop 201,N18-1821,MX15-1,298,,,,,
Oil Mapping Pop 201,N18-1822,MX15-1,299,,,,,
Oil Mapping Pop 201,N18-1823,MX15-1,300,,,,,
Oil Mapping Pop 201,N18-1824,MX15-1,301,,,,,
Oil Mapping Pop 201,N18-1825,MX15-1,302,,,,,
Oil Mapping Pop 201,N18-1826,MX15-1,650,,,,,
Oil Mapping Pop 201,LMN09-119,LMN09-119,LMN09-119,,,,,
Oil Mapping Pop 201,N09-09,N09-09,N09-09,,,,,
Oil Mapping Pop 202,LMN09-19,LMN09-19,LMN09-19,,,,,
Oil Mapping Pop 202,N13-47,N13-47,N13-47,,,,,
Oil Mapping Pop 202,N18-1831,MX15-6,303,,,,,
Oil Mapping Pop 202,N18-1832,MX15-6,304,,,,,
Oil Mapping Pop 202,N18-1833,MX15-6,305,,,,,
Oil Mapping Pop 202,N18-1834,MX15-6,306,,,,,
Oil Mapping Pop 202,N18-1835,MX15-6,307,,,,,
Oil Mapping Pop 202,N18-1836,MX15-6,308,,,,,
Oil Mapping Pop 202,N18-1837,MX15-6,309,,,,,
Oil Mapping Pop 202,N18-1838,MX15-6,310,,,,,
Oil Mapping Pop 202,N18-1839,MX15-6,311,,,,,
Oil Mapping Pop 202,N18-1840,MX15-6,312,,,,,
Oil Mapping Pop 202,N18-1841,MX15-6,315,,,,,
Oil Mapping Pop 202,N18-1842,MX15-6,316,,,,,
Oil Mapping Pop 202,N18-1843,MX15-6,319,,,,,
Oil Mapping Pop 202,N18-1844,MX15-6,321,,,,,
Oil Mapping Pop 202,N18-1845,MX15-6,322,,,,,
Oil Mapping Pop 202,N18-1846,MX15-6,323,,,,,
Oil Mapping Pop 202,N18-1847,MX15-6,324,,,,,
Oil Mapping Pop 202,N18-1848,MX15-6,325,,,,,
Oil Mapping Pop 202,N18-1849,MX15-6,326,,,,,
Oil Mapping Pop 202,N18-1850,MX15-6,329,,,,,
Oil Mapping Pop 202,N18-1851,MX15-6,331,,,,,
Oil Mapping Pop 202,N18-1852,CAMP,332,,,,,
Oil Mapping Pop 202,N18-1853,MX15-6,333,,,,,
Oil Mapping Pop 202,N18-1854,MX15-6,334,,,,,
Oil Mapping Pop 202,N18-1855,MX15-6,335,,,,,
Oil Mapping Pop 202,N18-1856,MX15-6,336,,,,,
Oil Mapping Pop 202,N18-1857,MX15-6,337,,,,,
Oil Mapping Pop 202,N18-1858,MX15-6,338,,,,,
Oil Mapping Pop 202,N18-1859,MX15-6,340,,,,,
Oil Mapping Pop 202,N18-1860,MX15-6,342,,,,,
Oil Mapping Pop 202,N18-1861,MX15-6,343,,,,,
Oil Mapping Pop 202,N18-1862,MX15-6,345,,,,,
Oil Mapping Pop 202,N18-1863,MX15-6,347,,,,,
Oil Mapping Pop 202,N18-1864,MX15-6,348,,,,,
Oil Mapping Pop 202,N18-1865,MX15-6,349,,,,,
Oil Mapping Pop 202,N18-1866,MX15-6,350,,,,,
Oil Mapping Pop 202,N18-1867,MX15-6,352,,,,,
Oil Mapping Pop 202,N18-1868,MX15-6,353,,,,,
Oil Mapping Pop 202,N18-1869,MX15-6,354,,,,,
Oil Mapping Pop 202,N18-1870,MX15-6,355,,,,,
Oil Mapping Pop 202,N18-1871,MX15-6,356,,,,,
Oil Mapping Pop 202,N18-1872,MX15-6,357,,,,,
Oil Mapping Pop 202,N18-1873,MX15-6,358,,,,,
Oil Mapping Pop 202,N18-1874,MX15-6,359,,,,,
Oil Mapping Pop 202,N18-1875,MX15-6,360,,,,,
Oil Mapping Pop 202,N18-1876,MX15-6,361,,,,,
Oil Mapping Pop 202,N18-1877,MX15-6,362,,,,,
Oil Mapping Pop 202,N18-1878,MX15-6,363,,,,,
Oil Mapping Pop 202,N18-1879,MX15-6,364,,,,,
Oil Mapping Pop 202,N18-1880,MX15-6,365,,,,,
Oil Mapping Pop 202,N18-1881,MX15-6,366,,,,,
Oil Mapping Pop 202,N18-1882,MX15-6,367,,,,,
Oil Mapping Pop 202,N18-1883,MX15-6,368,,,,,
Oil Mapping Pop 202,N18-1884,MX15-6,369,,,,,
Oil Mapping Pop 202,N18-1885,MX15-6,370,,,,,
Oil Mapping Pop 202,N18-1886,MX15-6,374,,,,,
Oil Mapping Pop 202,N18-1887,MX15-6,375,,,,,
Oil Mapping Pop 202,N18-1888,MX15-6,376,,,,,
Oil Mapping Pop 202,N18-1889,MX15-6,377,,,,,
Oil Mapping Pop 202,N18-1890,MX15-6,378,,,,,
Oil Mapping Pop 202,N18-1891,MX15-6,379,,,,,
Oil Mapping Pop 202,N18-1892,MX15-6,380,,,,,
Oil Mapping Pop 202,N18-1893,MX15-6,382,,,,,
Oil Mapping Pop 202,N18-1894,MX15-6,384,,,,,
Oil Mapping Pop 202,N18-1895,MX15-6,386,,,,,
Oil Mapping Pop 202,N18-1896,MX15-6,392,,,,,
Oil Mapping Pop 202,N18-1897,MX15-6,395,,,,,
Oil Mapping Pop 202,N18-1898,MX15-6,396,,,,,
Oil Mapping Pop 202,N18-1899,MX15-6,400,,,,,
Oil Mapping Pop 202,N18-1900,MX15-6,401,,,,,
Oil Mapping Pop 202,N18-1901,MX15-6,402,,,,,
Oil Mapping Pop 202,N18-1902,MX15-6,403,,,,,
Oil Mapping Pop 202,N18-1903,MX15-6,404,,,,,
Oil Mapping Pop 202,N18-1904,MX15-6,405,,,,,
Oil Mapping Pop 202,N18-1905,MX15-6,407,,,,,
Oil Mapping Pop 202,N18-1906,MX15-6,408,,,,,
Oil Mapping Pop 202,N18-1907,MX15-6,409,,,,,
Oil Mapping Pop 202,N18-1908,MX15-6,410,,,,,
Oil Mapping Pop 202,N18-1909,MX15-6,411,,,,,
Oil Mapping Pop 202,N18-1910,MX15-6,412,,,,,
Oil Mapping Pop 202,N18-1911,MX15-6,413,,,,,
Oil Mapping Pop 202,N18-1912,MX15-6,414,,,,,
Oil Mapping Pop 202,N18-1913,MX15-6,415,,,,,
Oil Mapping Pop 202,N18-1914,MX15-6,417,,,,,
Oil Mapping Pop 202,N18-1915,MX15-6,418,,,,,
Oil Mapping Pop 202,N18-1916,MX15-6,419,,,,,
Oil Mapping Pop 202,N18-1917,MX15-6,420,,,,,
Oil Mapping Pop 202,N18-1918,MX15-6,424,,,,,
Oil Mapping Pop 202,N18-1919,MX15-6,426,,,,,
Oil Mapping Pop 202,N18-1920,MX15-6,427,,,,,
Oil Mapping Pop 202,N18-1921,MX15-6,428,,,,,
Oil Mapping Pop 202,N18-1922,MX15-6,431,,,,,
Oil Mapping Pop 202,N18-1923,MX15-6,432,,,,,
Oil Mapping Pop 202,N18-1924,MX15-6,434,,,,,
Oil Mapping Pop 202,N18-1925,MX15-6,437,,,,,
Oil Mapping Pop 202,N18-1926,MX15-6,438,,,,,
Oil Mapping Pop 202,N18-1927,MX15-6,439,,,,,
Oil Mapping Pop 202,N18-1928,MX15-6,441,,,,,
Oil Mapping Pop 202,N18-1929,MX15-6,442,,,,,
Oil Mapping Pop 202,N18-1930,MX15-6,444,,,,,
Oil Mapping Pop 202,N18-1931,MX15-6,445,,,,,
Oil Mapping Pop 202,N18-1932,MX15-6,449,,,,,
Oil Mapping Pop 202,N18-1933,MX15-6,451,,,,,
Oil Mapping Pop 202,N18-1934,MX15-6,452,,,,,
Oil Mapping Pop 202,N18-1935,MX15-6,454,,,,,
Oil Mapping Pop 202,N18-1936,MX15-6,456,,,,,
Oil Mapping Pop 202,N18-1937,MX15-6,457,,,,,
Oil Mapping Pop 202,N18-1938,MX15-6,458,,,,,
Oil Mapping Pop 202,N18-1939,MX15-6,459,,,,,
Oil Mapping Pop 202,N18-1940,MX15-6,460,,,,,
Oil Mapping Pop 202,N18-1941,MX15-6,461,,,,,
Oil Mapping Pop 202,N18-1942,MX15-6,462,,,,,
Oil Mapping Pop 202,N18-1943,MX15-6,463,,,,,
Oil Mapping Pop 202,N18-1944,MX15-6,464,,,,,
Oil Mapping Pop 202,N18-1945,MX15-6,465,,,,,
Oil Mapping Pop 202,N18-1946,MX15-6,466,,,,,
Oil Mapping Pop 202,N18-1947,MX15-6,467,,,,,
Oil Mapping Pop 202,N18-1948,MX15-6,468,,,,,
Oil Mapping Pop 202,N18-1949,MX15-6,469,,,,,
Oil Mapping Pop 202,N18-1950,MX15-6,470,,,,,
Oil Mapping Pop 202,N18-1951,MX15-6,471,,,,,
Oil Mapping Pop 202,N18-1952,MX15-6,473,,,,,
Oil Mapping Pop 202,N18-1953,MX15-6,475,,,,,
Oil Mapping Pop 202,N18-1954,MX15-6,476,,,,,
Oil Mapping Pop 202,N18-1955,MX15-6,478,,,,,
Oil Mapping Pop 202,N18-1956,MX15-6,479,,,,,
Oil Mapping Pop 202,N18-1957,MX15-6,480,,,,,
Oil Mapping Pop 202,N18-1958,MX15-6,481,,,,,
Oil Mapping Pop 202,N18-1959,MX15-6,484,,,,,
Oil Mapping Pop 202,N18-1960,MX15-6,486,,,,,
Oil Mapping Pop 202,N18-1961,MX15-6,487,,,,,
Oil Mapping Pop 202,N18-1962,MX15-6,489,,,,,
Oil Mapping Pop 202,N18-1963,MX15-6,490,,,,,
Oil Mapping Pop 202,N18-1964,MX15-6,492,,,,,
Oil Mapping Pop 202,N18-1965,MX15-6,493,,,,,
Oil Mapping Pop 202,N18-1966,MX15-6,494,,,,,
Oil Mapping Pop 202,N18-1967,MX15-6,495,,,,,
Oil Mapping Pop 202,N18-1968,MX15-6,496,,,,,
Oil Mapping Pop 202,N18-1969,MX15-6,497,,,,,
Oil Mapping Pop 202,N18-1970,MX15-6,498,,,,,
Oil Mapping Pop 202,N18-1971,MX15-6,500,,,,,
Oil Mapping Pop 202,N18-1972,MX15-6,501,,,,,
Oil Mapping Pop 202,N18-1973,MX15-6,502,,,,,
Oil Mapping Pop 202,N18-1974,MX15-6,503,,,,,
Oil Mapping Pop 202,N18-1975,MX15-6,504,,,,,
Oil Mapping Pop 202,N18-1976,MX15-6,506,,,,,
Oil Mapping Pop 202,N18-1977,MX15-6,508,,,,,
Oil Mapping Pop 202,N18-1978,MX15-6,509,,,,,
Oil Mapping Pop 202,N18-1979,MX15-6,510,,,,,
Oil Mapping Pop 202,N18-1980,MX15-6,513,,,,,
Oil Mapping Pop 202,N18-1981,MX15-6,514,,,,,
Oil Mapping Pop 202,N18-1982,MX15-6,515,,,,,
Oil Mapping Pop 202,N18-1983,MX15-6,516,,,,,
Oil Mapping Pop 202,N18-1984,MX15-6,518,,,,,
Oil Mapping Pop 202,N18-1985,MX15-6,519,,,,,
Oil Mapping Pop 202,N18-1986,MX15-6,520,,,,,
Oil Mapping Pop 202,N18-1987,MX15-6,522,,,,,
Oil Mapping Pop 202,N18-1988,MX15-6,524,,,,,
Oil Mapping Pop 202,N18-1989,MX15-6,525,,,,,
Oil Mapping Pop 202,N18-1990,MX15-6,526,,,,,
Oil Mapping Pop 202,N18-1991,MX15-6,527,,,,,
Oil Mapping Pop 202,N18-1992,MX15-6,531,,,,,
Oil Mapping Pop 202,N18-1993,MX15-6,533,,,,,
Oil Mapping Pop 202,N18-1994,MX15-6,535,,,,,
Oil Mapping Pop 202,N18-1995,MX15-6,537,,,,,
Oil Mapping Pop 202,N18-1996,MX15-6,538,,,,,
Oil Mapping Pop 202,N18-1997,MX15-6,539,,,,,
Oil Mapping Pop 202,N18-1998,MX15-6,540,,,,,
Oil Mapping Pop 202,N18-1999,MX15-6,542,,,,,
Oil Mapping Pop 202,N18-2000,MX15-6,544,,,,,
Oil Mapping Pop 202,N18-2001,MX15-6,545,,,,,
Oil Mapping Pop 202,N18-2002,MX15-6,546,,,,,
Oil Mapping Pop 202,N18-2003,MX15-6,547,,,,,
Oil Mapping Pop 202,N18-2004,MX15-6,548,,,,,
Oil Mapping Pop 202,N18-2005,MX15-6,549,,,,,
Oil Mapping Pop 202,N18-2006,MX15-6,550,,,,,
Oil Mapping Pop 202,N18-2007,MX15-6,551,,,,,
Oil Mapping Pop 202,N18-2008,MX15-6,553,,,,,
Oil Mapping Pop 202,N18-2009,MX15-6,554,,,,,
Oil Mapping Pop 202,N18-2010,MX15-6,556,,,,,
Oil Mapping Pop 202,N18-2011,MX15-6,557,,,,,
Oil Mapping Pop 202,N18-2012,MX15-6,558,,,,,
Oil Mapping Pop 202,N18-2013,MX15-6,561,,,,,
Oil Mapping Pop 202,N18-2014,MX15-6,562,,,,,
Oil Mapping Pop 202,N18-2015,MX15-6,563,,,,,
Oil Mapping Pop 202,LMN09-19,LMN09-19,LMN09-19,,,,,
Oil Mapping Pop 202,N13-47,N13-47,N13-47,,,,,
